{
  "n_clusters": 5,
  "centroids": [
    [
      0.3353823835490256,
      -0.3600573944603469,
      -0.8200576111006329,
      0.008258301293232384,
      -0.005461550110997633,
      0.0015078599520146159,
      0.1303880127534805,
      0.18938550475619845,
      0.053586908391216645,
      0.004588219648293285,
      -0.04686103321227057,
      -0.0015015590833151223,
      -0.04266106300086303,
      0.08435568984812065,
      -0.005786575278596779,
      -0.06426533338495025,
      0.03499252013411519,
      0.026617166054581236,
      -0.022475204643928652,
      0.0331079892487747,
      -0.048450131163135186,
      -0.04022495136258958,
      -0.009815565498366702,
      -0.028969640973185114,
      -0.02023273499043024,
      -0.007904513336203569,
      -0.011133154116516206,
      -0.012101080070649086,
      0.0026259996538837097,
      -0.017936524261165328,
      0.005802399167060929,
      -0.0011933727048299458,
      0.01951012614398983,
      0.010967993122672607,
      0.0012059543255781996,
      -0.021221529962910556,
      -0.01342183892347314,
      0.015508835231693096,
      -0.01534176018774852,
      0.013011048900288591,
      -0.02922281063157091,
      -0.021939246965267535,
      0.022750534657363215,
      -0.024579223106149312,
      -0.01213527361153065,
      -0.001969590574961061,
      0.008706499029433518,
      -0.005747721101856938,
      0.005271257071403282,
      -0.012663839657341755
    ],
    [
      0.5787442883579101,
      -0.6468054826296921,
      0.4559248225482219,
      0.04615653021512604,
      -0.02284321159746917,
      0.004853418664134004,
      -0.039619999353009916,
      -0.12277162796100281,
      -0.04129686022399614,
      0.038317689726034054,
      0.07923482798262357,
      -0.004542072725716577,
      0.031444982746225675,
      -0.061783131940630134,
      -0.0011754087185925927,
      0.027862162901472875,
      -0.01952829985847392,
      0.029732779000980442,
      0.015841481623379776,
      -0.014373522222065728,
      -0.013737239256568372,
      0.0014417331335016515,
      0.012660444024573666,
      0.007901780801938759,
      0.007829548410945212,
      0.003591271086894629,
      0.0073454176569939375,
      0.02699878875341531,
      -0.012098089631797794,
      0.007630388138833213,
      0.003979915846806975,
      -0.005686390843672341,
      1.4639225985975107e-06,
      0.006324997591142041,
      -0.006787875704138384,
      0.002675869732299873,
      -0.0016417416574041218,
      0.0017067098539211196,
      -0.0011512531174976467,
      -0.014398790179603113,
      0.011180577384981264,
      0.00896453075373778,
      -0.011327353971308237,
      0.007162516079892215,
      0.012467386052522601,
      0.006128189684261111,
      0.005892857054240793,
      0.0012316329586950859,
      -0.01382625762034306,
      0.009827916480908423
    ],
    [
      0.5867074693418667,
      0.7290595997509909,
      -0.17429703205375974,
      0.19364067661108422,
      0.08646386723047976,
      0.1279221983818141,
      -0.05194516745851913,
      -0.13388831730482678,
      0.020494487261839906,
      0.0022140165969517568,
      -0.009824858720021357,
      0.0005713980901916098,
      -0.008787752027075867,
      -0.03146267936498523,
      0.008065285109608734,
      0.054525127957101634,
      -0.014182094009691743,
      -0.015888763059653234,
      -0.021056368111463646,
      0.006253985395448397,
      0.02539765329593744,
      0.025433388826190326,
      0.008877236041150883,
      0.027122331710483963,
      -0.017997052193496444,
      0.00967083672616476,
      -0.021174761679940195,
      -0.0076095973732761045,
      0.009497906036096883,
      0.004723619623595333,
      0.012134318775453816,
      -0.0004954631477759866,
      -0.01734303463004373,
      -0.02622209938465146,
      -0.010549695658061763,
      -0.0009432892102966855,
      0.014701817286826695,
      -0.016615163160123157,
      0.02101139981305489,
      0.0007358524682048634,
      0.016797684033152176,
      0.015473582242496231,
      0.0050857622277141286,
      0.005487981585134768,
      -0.008179160156804937,
      -0.013065051356982138,
      -0.012269563756806236,
      0.002046904437336076,
      0.006873274056146139,
      0.0009104628454727719
    ],
    [
      -0.006892333266791153,
      0.45465003029204004,
      0.45393955765343486,
      -0.5672523512159854,
      -0.20783383031304983,
      -0.16925451945476097,
      0.0017597340930455819,
      0.3965005598490629,
      0.0028105229752560202,
      -0.04188191839760858,
      -0.021056254498786134,
      0.018339166852877006,
      0.060651904106174735,
      0.06216213051402717,
      -0.011616850355405745,
      -0.08578217465295264,
      0.04060752071018385,
      -0.04697519220811816,
      0.04562698408916517,
      0.004572249064418337,
      0.024049923784800215,
      -0.012609653322374641,
      -0.04226505411010033,
      -0.030869971605388652,
      0.048515797646518595,
      0.013557305289975978,
      0.020013260158588918,
      -0.025198739408455868,
      0.01800399988378697,
      0.016995675899576155,
      -0.03775865271462111,
      0.0004379901676368847,
      0.02821815962176298,
      -0.0005527174888224294,
      0.026780323711954355,
      -0.01225525007341365,
      0.0015499280645880544,
      0.022240271278657242,
      -0.010002504862133174,
      0.011289611479179881,
      -0.015741654493124518,
      -0.01626353585101006,
      -0.0032388086631136214,
      -0.004980799747093648,
      -0.017342826430797202,
      -0.006373464989526592,
      0.002707632077151151,
      0.010907775360682905,
      -0.014432479280441543,
      -0.010703628618609556
    ],
    [
      -0.9939376567335048,
      -0.02523697854093525,
      -0.0015296130564469003,
      0.0521225820200642,
      0.03872565705296264,
      -0.026509974330618545,
      -0.0023089243647894274,
      -0.06438056426122704,
      -0.013567774928135688,
      -0.013540401086991491,
      -0.021736550544808022,
      -0.0005976195375692718,
      -0.017436054895845675,
      0.0038229914811161404,
      0.004244232252667303,
      0.004877693051963917,
      -0.008293490076042154,
      -0.006538801611882843,
      -0.006976063583498896,
      -0.013487640231517014,
      0.003640474591448318,
      0.00698572797787175,
      0.0057955974313735285,
      0.0020699117355619497,
      -0.003182338859871234,
      -0.007026756423143179,
      0.008941930060944247,
      0.0023972338707199947,
      -0.003504815300780578,
      -0.00656796615333307,
      -0.0007735439123323066,
      0.005087086390780207,
      -0.007841594549874745,
      0.006579878669422323,
      -0.00011302892116584308,
      0.01084171807383403,
      -0.006262037093493233,
      -0.005780848923199934,
      -0.000666327336477535,
      0.000817529208491917,
      0.0014693442244380142,
      0.0006765973150364604,
      -0.004940953258680503,
      0.003849078565561687,
      0.0058979481517778334,
      0.009816983548637514,
      -0.0011144033879865382,
      -0.0014689098030152732,
      0.006000856324713549,
      0.0009657595668900229
    ]
  ],
  "inertia": 25237.338980384407,
  "n_iter": 45,
  "distance_metric": "cosine"
}